"Description","Owner","Uploaded","Duration","Visibility","Edit",""
"HoA - Mythic Rangers - 11/21/2025","olon","1763779948$         November 21, 2025 9:52 PM","000002280395$         38 minutes","Public","",""
"HoA - Mythic Rangers - 11/15/2025","olon","1763265856$         November 15, 2025 11:04 PM","000009904703$         3 hours","Public","",""
"HoA - Mythic Rangers - 11/14/2025","olon","1763179319$         November 14, 2025 11:01 PM","000006541493$         2 hours","Public","",""
"Things","voidshot","1763011869$         November 13, 2025 12:31 AM","000000000000$         a few seconds","Public","",""
"Manaforge Omega","JJHuggz","1762771307$         November 10, 2025 5:41 AM","000001967386$         33 minutes","Private","",""
"Manaforge Omega","JJHuggz","1762662349$         November 8, 2025 11:25 PM","000011388806$         3 hours","Public","",""
"HoA - Mythic Rangers - 11/7/2025","olon","1762574814$         November 7, 2025 11:06 PM","000006300237$         2 hours","Public","",""
"Keys","voidshot","1762502752$         November 7, 2025 3:05 AM","000002762600$         an hour","Public","",""
"Manaforge Omega","Totemnutz","1762403609$         November 5, 2025 11:33 PM","000003035072$         an hour","Public","",""
"Mythic+ Season 3","Onikaiko","1762138812$         November 2, 2025 10:00 PM","000006721920$         2 hours","Public","",""
"HoA - Mythic Rangers - 11/1/2025","olon","1762052711$         November 1, 2025 11:05 PM","000009279302$         3 hours","Public","",""
"Manaforge Omega","Onikaiko","1761962916$         October 31, 2025 10:08 PM","000003905980$         an hour","Public","",""
"Mythic+ Season 3","Onikaiko","1761529487$         October 26, 2025 9:44 PM","000004381896$         an hour","Public","",""
"Mythic+ Season 3","Onikaiko","1761527239$         October 26, 2025 9:07 PM","000001854091$         31 minutes","Public","",""
"HoA - Mythic Rangers - 10/25/2025","olon","1761448053$         October 25, 2025 11:07 PM","000009321764$         3 hours","Public","",""
"HoA - Mythic Rangers - 10/24/2025","olon","1761361375$         October 24, 2025 11:02 PM","000006922648$         2 hours","Public","",""
"Manaforge Omega","Totemnutz","1761272228$         October 23, 2025 10:17 PM","000003002994$         an hour","Public","",""
"Manaforge Omega","Totemnutz","1761190276$         October 22, 2025 11:31 PM","000007872814$         2 hours","Public","",""
"Mythicccc Heroicccc","Rianvi","1761189016$         October 22, 2025 11:10 PM","000007239922$         2 hours","Public","",""
"Mythicccc Rangers ARAZ","Rianvi","1760842805$         October 18, 2025 11:00 PM","000007002228$         2 hours","Public","",""
"HoA - Mythic Rangers - 10/17/2025","olon","1760756384$         October 17, 2025 10:59 PM","000006930803$         2 hours","Public","",""
"M+","voidshot","1760664773$         October 16, 2025 9:32 PM","000003809027$         an hour","Public","",""
"Unknown Zone","Totemnutz","1760662865$         October 16, 2025 9:01 PM","000002237691$         37 minutes","Public","",""
"Manaforge Omega","Essowyn","1760588134$         October 16, 2025 12:15 AM","000010583439$         3 hours","Public","",""
"Manaforge Omega","Essowyn","1760587020$         October 15, 2025 11:57 PM","000009676086$         3 hours","Public","",""